{"initial_reset_timestamp": 1603700277.4744885, "timestamps": [1603700284.5117972, 1603700291.3253624, 1603700294.7071648, 1603700298.039024, 1603700301.370803, 1603700304.7026286, 1603700308.034496, 1603700311.3682525, 1603700318.0803506, 1603700321.4614875, 1603700324.793498, 1603700328.141779, 1603700331.4734101, 1603700334.8056228, 1603700338.1373794, 1603700341.518901, 1603700344.9029653, 1603700348.2837503, 1603700351.615932, 1603700354.9965641, 1603700358.3614423, 1603700361.710106, 1603700365.0418844, 1603700368.372996, 1603700371.8230095, 1603700375.221578, 1603700378.6859415, 1603700385.6490548, 1603700389.04786, 1603700392.4121172, 1603700395.7444787, 1603700399.0955977, 1603700402.4579408, 1603700405.793166, 1603700409.122114, 1603700412.4895334, 1603700415.884694, 1603700419.216543, 1603700422.5983868, 1603700425.9304943, 1603700429.2646573, 1603700432.5937328, 1603700435.9771812, 1603700439.3929296, 1603700442.722608, 1603700446.1073086, 1603700449.4387803, 1603700452.7857466, 1603700456.1528487, 1603700459.4820223, 1603700462.81804, 1603700466.145689, 1603700469.5460818, 1603700472.9093027, 1603700476.2582748, 1603700479.5895343, 1603700482.9232316, 1603700486.2716463, 1603700489.6184573, 1603700492.9513736, 1603700496.282182, 1603700499.6309953, 1603700503.0815392, 1603700506.411919, 1603700513.2434428, 1603700516.7750993, 1603700520.1237364, 1603700523.455266, 1603700526.9879758, 1603700530.3677115, 1603700533.700431, 1603700537.0647626, 1603700540.447519, 1603700543.7783463, 1603700547.110984, 1603700550.4420905, 1603700553.7741237, 1603700557.1051474, 1603700560.4383059, 1603700563.7701304, 1603700567.134423, 1603700570.4677892, 1603700573.9495306, 1603700577.2810247, 1603700580.6287909, 1603700583.9961588, 1603700587.3407333, 1603700590.6746004, 1603700592.7899194, 1603700596.154499, 1603700599.5697253, 1603700603.0519395, 1603700606.3840017, 1603700609.8490577, 1603700613.2310495, 1603700616.5633798, 1603700619.9456208, 1603700623.2769356, 1603700626.6101747, 1603700628.7901168, 1603700632.1226041, 1603700635.7363148, 1603700639.135974, 1603700642.4673963, 1603700645.8662195, 1603700648.2320418, 1603700651.6476502, 1603700655.0287318, 1603700658.394177, 1603700661.7413478, 1603700665.0749743, 1603700668.405031, 1603700671.737446, 1603700675.0691462, 1603700678.536123, 1603700681.933768, 1603700685.2808464, 1603700688.496647, 1603700691.8461747, 1603700693.8621397, 1603700697.1756296, 1603700700.0911674, 1603700702.8234293, 1603700706.205567, 1603700709.5870395, 1603700713.9012501, 1603700717.3332226, 1603700720.8155844, 1603700724.1463766, 1603700727.5790765, 1603700730.9443026, 1603700733.325042, 1603700736.6580708, 1603700739.9903307, 1603700743.321119, 1603700745.4537208, 1603700747.6191812, 1603700750.9509282, 1603700754.2827475, 1603700757.1314418, 1603700760.4632785, 1603700763.7958708, 1603700766.2273183, 1603700769.5771224, 1603700772.824818, 1603700776.175165, 1603700779.5394435, 1603700782.9226437, 1603700785.9717364, 1603700789.318158, 1603700792.7152784, 1603700795.2308095, 1603700798.5998075, 1603700802.0815847, 1603700805.0802443, 1603700808.5118935, 1603700811.592922, 1603700814.9254193, 1603700818.256565, 1603700821.6353712, 1603700824.1881819, 1603700827.6334162, 1603700830.965419, 1603700832.964141, 1603700836.2962768, 1603700839.6438713, 1603700842.3093145, 1603700845.6411717, 1603700847.5239086, 1603700850.8554287, 1603700853.9209926, 1603700856.9530146, 1603700858.6999435, 1603700860.4346395, 1603700862.7178967, 1603700866.066182, 1603700869.3981857, 1603700871.66268, 1603700874.994906, 1603700877.9936032, 1603700880.2759938, 1603700883.3083556, 1603700886.0228162, 1603700888.9220154, 1603700891.5702858, 1603700894.9034126, 1603700896.7853608, 1603700900.117382, 1603700901.9659793, 1603700904.5643787, 1603700907.8971798, 1603700910.4454281, 1603700913.1943405, 1603700916.5422986, 1603700919.7916965, 1603700922.1746578, 1603700924.6554456, 1603700927.2211907, 1603700929.820029, 1603700932.835344, 1603700935.1182556, 1603700938.1829412, 1603700941.5820956, 1603700943.9474797, 1603700947.2957163, 1603700950.6270554, 1603700953.9596572, 1603700957.291346, 1603700960.6226826, 1603700963.988033, 1603700967.320262, 1603700970.702003, 1603700974.033248, 1603700977.3650527, 1603700980.6969411, 1603700983.879069, 1603700990.0112524, 1603700993.2911775, 1603700994.741174, 1603700997.4725385, 1603700999.6547456, 1603701001.6036704, 1603701003.9203022, 1603701006.1201882, 1603701007.6019497, 1603701010.8008077, 1603701012.383058, 1603701014.7973177, 1603701017.214595, 1603701019.8967633, 1603701022.9946926, 1603701026.0270398, 1603701029.358802, 1603701031.8236716, 1603701035.1560779, 1603701038.5704596, 1603701042.0368001, 1603701043.7177718, 1603701046.6845882, 1603701049.233387, 1603701052.065101, 1603701054.080191, 1603701056.013185, 1603701058.0959225, 1603701060.1447532, 1603701062.379018, 1603701064.9083254, 1603701068.2578373, 1603701070.2069273, 1603701072.2554054, 1603701075.1203156, 1603701077.237004, 1603701078.7191634, 1603701081.8338706, 1603701085.1657536, 1603701086.731714, 1603701088.914464, 1603701091.1634974, 1603701093.479558, 1603701096.8088765, 1603701099.2760112, 1603701101.2931721, 1603701103.4911108, 1603701106.1072176, 1603701109.0889938, 1603701111.1382535, 1603701113.5365071, 1603701116.9013715, 1603701118.8669593, 1603701122.1995475, 1603701124.281255, 1603701126.43181, 1603701128.279883, 1603701130.0952394, 1603701132.0944302, 1603701134.5110338, 1603701136.5447876, 1603701138.7756507, 1603701140.7754526, 1603701142.9732723, 1603701145.1560736, 1603701146.7748857, 1603701148.888566, 1603701150.8717782, 1603701152.9535875, 1603701156.3676128, 1603701158.366775, 1603701160.3155591, 1603701162.9970584, 1603701164.8970554, 1603701166.7952864, 1603701170.1273715, 1603701172.1771445, 1603701173.6931567, 1603701175.6584983, 1603701178.5570285, 1603701180.939869, 1603701183.472062, 1603701186.8028698, 1603701189.2350795], "episode_lengths": [200, 200, 200, 200, 200, 200, 200, 200, 200, 200, 200, 200, 200, 200, 200, 200, 200, 200, 200, 200, 200, 200, 200, 200, 200, 200, 200, 200, 200, 200, 200, 200, 200, 200, 200, 200, 200, 200, 200, 200, 200, 200, 200, 200, 200, 200, 200, 200, 200, 200, 200, 200, 200, 200, 200, 200, 200, 200, 200, 200, 200, 200, 200, 200, 200, 200, 200, 200, 200, 200, 200, 200, 200, 200, 200, 200, 200, 200, 200, 200, 200, 200, 200, 200, 200, 200, 200, 200, 125, 200, 200, 200, 200, 200, 200, 200, 200, 200, 200, 130, 200, 200, 200, 200, 200, 136, 200, 200, 200, 200, 200, 200, 200, 200, 200, 200, 200, 187, 200, 118, 196, 175, 159, 200, 200, 125, 200, 200, 200, 200, 200, 143, 200, 200, 200, 128, 129, 200, 200, 171, 200, 200, 146, 200, 194, 200, 200, 200, 183, 200, 200, 151, 200, 200, 172, 200, 176, 200, 200, 200, 152, 200, 200, 120, 200, 200, 160, 200, 113, 200, 184, 182, 105, 104, 137, 200, 200, 136, 200, 180, 135, 181, 162, 174, 159, 200, 113, 200, 111, 156, 200, 153, 163, 200, 195, 143, 149, 154, 156, 181, 137, 181, 200, 141, 200, 200, 200, 200, 200, 200, 200, 200, 200, 200, 200, 191, 181, 193, 87, 163, 131, 117, 139, 132, 89, 192, 95, 145, 145, 159, 186, 182, 200, 148, 200, 200, 200, 101, 178, 153, 168, 117, 116, 125, 123, 127, 151, 200, 117, 123, 172, 127, 89, 187, 200, 94, 131, 135, 139, 200, 148, 119, 120, 157, 177, 118, 143, 200, 118, 200, 125, 129, 111, 109, 120, 143, 118, 132, 120, 132, 131, 90, 125, 119, 121, 200, 120, 117, 161, 114, 114, 200, 123, 91, 118, 174, 143, 152, 200, 146],